date, no, x and y, xend and yend
16:47:21 Wed-17-Jul,1,"(4, 153)","(144, 236)"
16:47:21 Wed-17-Jul,2,"(253, 237)","(480, 360)"
16:47:23 Wed-17-Jul,1,"(4, 152)","(143, 236)"
16:47:23 Wed-17-Jul,2,"(252, 237)","(480, 360)"
16:47:23 Wed-17-Jul,1,"(4, 152)","(144, 236)"
16:47:23 Wed-17-Jul,2,"(252, 237)","(480, 360)"
16:47:24 Wed-17-Jul,1,"(4, 152)","(144, 236)"
16:47:24 Wed-17-Jul,2,"(252, 237)","(480, 360)"
16:47:24 Wed-17-Jul,1,"(4, 153)","(144, 236)"
16:47:24 Wed-17-Jul,2,"(252, 237)","(480, 360)"
16:47:24 Wed-17-Jul,1,"(4, 153)","(144, 236)"
16:47:24 Wed-17-Jul,2,"(251, 237)","(480, 360)"
16:47:24 Wed-17-Jul,1,"(4, 152)","(144, 235)"
16:47:24 Wed-17-Jul,2,"(252, 237)","(481, 361)"
16:47:24 Wed-17-Jul,1,"(4, 153)","(143, 235)"
16:47:24 Wed-17-Jul,2,"(252, 237)","(481, 360)"
16:47:25 Wed-17-Jul,1,"(4, 152)","(143, 235)"
16:47:25 Wed-17-Jul,2,"(252, 237)","(481, 360)"
16:47:25 Wed-17-Jul,1,"(4, 153)","(143, 235)"
16:47:25 Wed-17-Jul,2,"(252, 237)","(481, 360)"
16:47:25 Wed-17-Jul,1,"(4, 153)","(144, 236)"
16:47:25 Wed-17-Jul,2,"(252, 237)","(480, 360)"
16:47:25 Wed-17-Jul,1,"(4, 153)","(144, 236)"
16:47:25 Wed-17-Jul,2,"(252, 237)","(481, 360)"
16:47:25 Wed-17-Jul,1,"(4, 152)","(144, 236)"
16:47:25 Wed-17-Jul,2,"(252, 237)","(481, 360)"
16:47:26 Wed-17-Jul,1,"(4, 153)","(144, 236)"
16:47:26 Wed-17-Jul,2,"(252, 237)","(480, 360)"
16:47:26 Wed-17-Jul,1,"(4, 153)","(144, 236)"
16:47:26 Wed-17-Jul,2,"(252, 237)","(481, 360)"
16:47:26 Wed-17-Jul,1,"(4, 153)","(144, 235)"
16:47:26 Wed-17-Jul,2,"(252, 237)","(480, 360)"
16:47:26 Wed-17-Jul,1,"(4, 153)","(144, 235)"
16:47:26 Wed-17-Jul,2,"(252, 237)","(480, 360)"
16:47:26 Wed-17-Jul,1,"(4, 153)","(144, 235)"
16:47:26 Wed-17-Jul,2,"(252, 237)","(481, 360)"
16:47:27 Wed-17-Jul,1,"(4, 153)","(144, 235)"
16:47:27 Wed-17-Jul,2,"(252, 237)","(481, 360)"
16:47:27 Wed-17-Jul,1,"(4, 153)","(144, 236)"
16:47:27 Wed-17-Jul,2,"(251, 237)","(480, 361)"
16:47:27 Wed-17-Jul,1,"(4, 153)","(144, 235)"
16:47:27 Wed-17-Jul,2,"(251, 237)","(481, 360)"
16:47:27 Wed-17-Jul,1,"(4, 153)","(144, 235)"
16:47:27 Wed-17-Jul,2,"(252, 237)","(480, 360)"
16:47:27 Wed-17-Jul,1,"(4, 153)","(144, 235)"
16:47:27 Wed-17-Jul,2,"(252, 237)","(480, 360)"
16:47:28 Wed-17-Jul,1,"(4, 153)","(144, 235)"
16:47:28 Wed-17-Jul,2,"(252, 237)","(480, 360)"
16:47:28 Wed-17-Jul,1,"(4, 153)","(144, 235)"
16:47:28 Wed-17-Jul,2,"(252, 237)","(480, 360)"
16:47:28 Wed-17-Jul,1,"(5, 153)","(144, 235)"
16:47:28 Wed-17-Jul,2,"(252, 237)","(480, 360)"
16:47:28 Wed-17-Jul,1,"(4, 153)","(144, 235)"
16:47:28 Wed-17-Jul,2,"(252, 237)","(480, 360)"
16:47:28 Wed-17-Jul,1,"(4, 153)","(144, 235)"
16:47:28 Wed-17-Jul,2,"(252, 237)","(481, 360)"
16:47:29 Wed-17-Jul,1,"(4, 152)","(144, 235)"
16:47:29 Wed-17-Jul,2,"(252, 237)","(481, 360)"
16:47:29 Wed-17-Jul,1,"(4, 152)","(144, 235)"
16:47:29 Wed-17-Jul,2,"(252, 237)","(480, 360)"
16:47:29 Wed-17-Jul,1,"(4, 152)","(144, 235)"
16:47:29 Wed-17-Jul,2,"(252, 236)","(480, 360)"
16:47:29 Wed-17-Jul,1,"(4, 152)","(144, 235)"
16:47:29 Wed-17-Jul,2,"(252, 236)","(480, 360)"
16:47:29 Wed-17-Jul,1,"(4, 153)","(144, 235)"
16:47:29 Wed-17-Jul,2,"(252, 236)","(480, 360)"
16:47:30 Wed-17-Jul,1,"(4, 153)","(143, 236)"
16:47:30 Wed-17-Jul,2,"(251, 237)","(480, 360)"
16:47:30 Wed-17-Jul,1,"(5, 153)","(144, 236)"
16:47:30 Wed-17-Jul,2,"(251, 236)","(480, 360)"
16:47:30 Wed-17-Jul,1,"(0, 153)","(145, 236)"
16:47:30 Wed-17-Jul,2,"(251, 237)","(481, 360)"
16:47:30 Wed-17-Jul,3,"(0, 210)","(66, 330)"
16:47:30 Wed-17-Jul,1,"(251, 237)","(481, 360)"
16:47:30 Wed-17-Jul,2,"(0, 153)","(145, 237)"
16:47:30 Wed-17-Jul,3,"(2, 230)","(77, 330)"
16:47:30 Wed-17-Jul,1,"(251, 237)","(481, 360)"
16:47:30 Wed-17-Jul,2,"(0, 153)","(145, 236)"
16:47:30 Wed-17-Jul,3,"(0, 231)","(93, 329)"
16:47:31 Wed-17-Jul,1,"(251, 237)","(480, 360)"
16:47:31 Wed-17-Jul,2,"(0, 152)","(144, 234)"
16:47:31 Wed-17-Jul,3,"(0, 216)","(113, 354)"
16:47:31 Wed-17-Jul,1,"(251, 237)","(480, 360)"
16:47:31 Wed-17-Jul,2,"(-2, 151)","(145, 232)"
16:47:31 Wed-17-Jul,3,"(1, 211)","(133, 355)"
16:47:31 Wed-17-Jul,1,"(251, 237)","(480, 360)"
16:47:31 Wed-17-Jul,2,"(-1, 149)","(143, 232)"
16:47:31 Wed-17-Jul,3,"(0, 208)","(145, 352)"
16:47:31 Wed-17-Jul,1,"(252, 237)","(480, 360)"
16:47:31 Wed-17-Jul,2,"(4, 210)","(163, 349)"
16:47:31 Wed-17-Jul,3,"(-2, 149)","(143, 230)"
16:47:31 Wed-17-Jul,1,"(0, 205)","(171, 345)"
16:47:31 Wed-17-Jul,2,"(-3, 150)","(142, 227)"
16:47:31 Wed-17-Jul,3,"(252, 237)","(480, 360)"
16:47:32 Wed-17-Jul,1,"(-5, 151)","(141, 222)"
16:47:32 Wed-17-Jul,2,"(2, 198)","(193, 354)"
16:47:32 Wed-17-Jul,3,"(253, 237)","(481, 360)"
16:47:32 Wed-17-Jul,1,"(1, 194)","(202, 353)"
16:47:32 Wed-17-Jul,2,"(253, 237)","(480, 360)"
16:47:32 Wed-17-Jul,3,"(-6, 151)","(146, 224)"
16:47:32 Wed-17-Jul,1,"(0, 197)","(220, 341)"
16:47:32 Wed-17-Jul,2,"(253, 238)","(481, 360)"
16:47:32 Wed-17-Jul,3,"(0, 150)","(152, 238)"
16:47:32 Wed-17-Jul,1,"(0, 197)","(220, 341)"
16:47:32 Wed-17-Jul,2,"(253, 238)","(481, 360)"
16:47:32 Wed-17-Jul,3,"(0, 150)","(152, 238)"
16:47:32 Wed-17-Jul,1,"(0, 197)","(229, 335)"
16:47:32 Wed-17-Jul,2,"(253, 238)","(481, 360)"
16:47:32 Wed-17-Jul,3,"(-10, 152)","(142, 227)"
16:47:33 Wed-17-Jul,1,"(0, 195)","(237, 328)"
16:47:33 Wed-17-Jul,2,"(252, 238)","(481, 360)"
16:47:33 Wed-17-Jul,3,"(-12, 151)","(143, 228)"
16:47:33 Wed-17-Jul,1,"(-2, 194)","(244, 324)"
16:47:33 Wed-17-Jul,2,"(250, 238)","(481, 360)"
16:47:33 Wed-17-Jul,3,"(8, 152)","(166, 227)"
16:47:33 Wed-17-Jul,1,"(0, 195)","(256, 320)"
16:47:33 Wed-17-Jul,2,"(252, 237)","(481, 360)"
16:47:33 Wed-17-Jul,3,"(3, 148)","(173, 228)"
16:47:33 Wed-17-Jul,1,"(9, 195)","(263, 317)"
16:47:33 Wed-17-Jul,2,"(1, 143)","(156, 224)"
16:47:33 Wed-17-Jul,3,"(252, 237)","(481, 360)"
16:47:33 Wed-17-Jul,1,"(27, 194)","(279, 310)"
16:47:33 Wed-17-Jul,2,"(2, 143)","(154, 228)"
16:47:33 Wed-17-Jul,3,"(255, 230)","(481, 359)"
16:47:34 Wed-17-Jul,1,"(41, 192)","(283, 307)"
16:47:34 Wed-17-Jul,2,"(0, 144)","(151, 231)"
16:47:34 Wed-17-Jul,3,"(255, 219)","(480, 357)"
16:47:34 Wed-17-Jul,1,"(58, 185)","(292, 304)"
16:47:34 Wed-17-Jul,2,"(1, 146)","(149, 233)"
16:47:34 Wed-17-Jul,3,"(257, 229)","(482, 356)"
16:47:34 Wed-17-Jul,1,"(69, 186)","(300, 298)"
16:47:34 Wed-17-Jul,2,"(2, 147)","(152, 233)"
16:47:34 Wed-17-Jul,3,"(261, 233)","(480, 359)"
16:47:34 Wed-17-Jul,1,"(83, 186)","(307, 294)"
16:47:34 Wed-17-Jul,2,"(4, 153)","(139, 231)"
16:47:34 Wed-17-Jul,3,"(250, 227)","(481, 358)"
16:47:34 Wed-17-Jul,1,"(96, 185)","(313, 292)"
16:47:34 Wed-17-Jul,2,"(3, 150)","(159, 234)"
16:47:34 Wed-17-Jul,3,"(249, 232)","(482, 360)"
16:47:35 Wed-17-Jul,1,"(101, 183)","(312, 290)"
16:47:35 Wed-17-Jul,2,"(4, 153)","(135, 236)"
16:47:35 Wed-17-Jul,3,"(248, 229)","(481, 361)"
16:47:35 Wed-17-Jul,1,"(118, 179)","(318, 286)"
16:47:35 Wed-17-Jul,2,"(4, 153)","(143, 237)"
16:47:35 Wed-17-Jul,3,"(249, 227)","(481, 361)"
16:47:35 Wed-17-Jul,1,"(123, 179)","(322, 285)"
16:47:35 Wed-17-Jul,2,"(5, 153)","(144, 237)"
16:47:35 Wed-17-Jul,3,"(249, 234)","(482, 361)"
16:47:35 Wed-17-Jul,1,"(123, 179)","(322, 285)"
16:47:35 Wed-17-Jul,2,"(5, 153)","(144, 237)"
16:47:35 Wed-17-Jul,3,"(249, 234)","(482, 361)"
16:47:35 Wed-17-Jul,1,"(130, 180)","(327, 282)"
16:47:35 Wed-17-Jul,2,"(5, 153)","(144, 236)"
16:47:35 Wed-17-Jul,3,"(249, 235)","(482, 361)"
16:47:36 Wed-17-Jul,1,"(138, 178)","(329, 276)"
16:47:36 Wed-17-Jul,2,"(6, 153)","(143, 236)"
16:47:36 Wed-17-Jul,3,"(254, 233)","(480, 360)"
16:47:36 Wed-17-Jul,1,"(146, 173)","(340, 273)"
16:47:36 Wed-17-Jul,2,"(5, 153)","(145, 236)"
16:47:36 Wed-17-Jul,3,"(255, 233)","(480, 360)"
16:47:36 Wed-17-Jul,1,"(151, 172)","(340, 272)"
16:47:36 Wed-17-Jul,2,"(5, 153)","(144, 236)"
16:47:36 Wed-17-Jul,3,"(257, 233)","(479, 360)"
16:47:36 Wed-17-Jul,1,"(166, 171)","(342, 266)"
16:47:36 Wed-17-Jul,2,"(5, 153)","(145, 236)"
16:47:36 Wed-17-Jul,3,"(259, 234)","(479, 360)"
16:47:36 Wed-17-Jul,1,"(174, 170)","(341, 265)"
16:47:36 Wed-17-Jul,2,"(5, 153)","(145, 236)"
16:47:36 Wed-17-Jul,3,"(263, 233)","(479, 360)"
16:47:37 Wed-17-Jul,1,"(178, 168)","(341, 264)"
16:47:37 Wed-17-Jul,2,"(5, 153)","(145, 236)"
16:47:37 Wed-17-Jul,3,"(264, 235)","(479, 360)"
16:47:37 Wed-17-Jul,1,"(186, 169)","(339, 255)"
16:47:37 Wed-17-Jul,2,"(5, 152)","(144, 236)"
16:47:37 Wed-17-Jul,3,"(265, 232)","(479, 359)"
16:47:37 Wed-17-Jul,1,"(191, 168)","(338, 252)"
16:47:37 Wed-17-Jul,2,"(5, 153)","(143, 236)"
16:47:37 Wed-17-Jul,3,"(262, 231)","(479, 359)"
16:47:37 Wed-17-Jul,1,"(5, 153)","(144, 236)"
16:47:37 Wed-17-Jul,2,"(201, 172)","(339, 248)"
16:47:37 Wed-17-Jul,3,"(258, 231)","(479, 360)"
16:47:37 Wed-17-Jul,1,"(204, 168)","(339, 248)"
16:47:37 Wed-17-Jul,2,"(5, 153)","(144, 236)"
16:47:37 Wed-17-Jul,3,"(256, 230)","(479, 359)"
16:47:38 Wed-17-Jul,1,"(207, 167)","(341, 246)"
16:47:38 Wed-17-Jul,2,"(5, 153)","(144, 236)"
16:47:38 Wed-17-Jul,3,"(256, 229)","(479, 359)"
16:47:38 Wed-17-Jul,1,"(211, 165)","(341, 242)"
16:47:38 Wed-17-Jul,2,"(5, 153)","(144, 236)"
16:47:38 Wed-17-Jul,3,"(252, 230)","(479, 360)"
16:47:38 Wed-17-Jul,1,"(215, 165)","(341, 242)"
16:47:38 Wed-17-Jul,2,"(5, 153)","(144, 236)"
16:47:38 Wed-17-Jul,3,"(252, 232)","(479, 359)"
16:47:38 Wed-17-Jul,1,"(215, 165)","(341, 242)"
16:47:38 Wed-17-Jul,2,"(5, 153)","(144, 236)"
16:47:38 Wed-17-Jul,3,"(252, 232)","(479, 359)"
16:47:38 Wed-17-Jul,1,"(216, 166)","(339, 240)"
16:47:38 Wed-17-Jul,2,"(5, 153)","(143, 236)"
16:47:38 Wed-17-Jul,3,"(252, 230)","(479, 359)"
16:47:39 Wed-17-Jul,1,"(222, 166)","(337, 239)"
16:47:39 Wed-17-Jul,2,"(5, 153)","(143, 236)"
16:47:39 Wed-17-Jul,3,"(251, 229)","(479, 359)"
16:47:39 Wed-17-Jul,1,"(226, 165)","(337, 238)"
16:47:39 Wed-17-Jul,2,"(5, 153)","(144, 236)"
16:47:39 Wed-17-Jul,3,"(249, 231)","(479, 359)"
16:47:39 Wed-17-Jul,1,"(229, 165)","(336, 238)"
16:47:39 Wed-17-Jul,2,"(5, 153)","(143, 236)"
16:47:39 Wed-17-Jul,3,"(249, 231)","(479, 359)"
16:47:39 Wed-17-Jul,1,"(235, 162)","(337, 235)"
16:47:39 Wed-17-Jul,2,"(5, 153)","(143, 236)"
16:47:39 Wed-17-Jul,3,"(249, 231)","(479, 360)"
16:47:40 Wed-17-Jul,1,"(236, 160)","(338, 232)"
16:47:40 Wed-17-Jul,2,"(5, 153)","(144, 236)"
16:47:40 Wed-17-Jul,3,"(249, 232)","(479, 360)"
16:47:40 Wed-17-Jul,1,"(237, 158)","(336, 231)"
16:47:40 Wed-17-Jul,2,"(5, 153)","(144, 236)"
16:47:40 Wed-17-Jul,3,"(251, 232)","(479, 360)"
16:47:40 Wed-17-Jul,1,"(237, 156)","(337, 229)"
16:47:40 Wed-17-Jul,2,"(5, 153)","(144, 236)"
16:47:40 Wed-17-Jul,3,"(250, 232)","(479, 360)"
16:47:40 Wed-17-Jul,1,"(239, 154)","(336, 227)"
16:47:40 Wed-17-Jul,2,"(5, 153)","(144, 236)"
16:47:40 Wed-17-Jul,3,"(249, 234)","(479, 360)"
16:47:40 Wed-17-Jul,1,"(241, 154)","(336, 227)"
16:47:40 Wed-17-Jul,2,"(5, 152)","(144, 236)"
16:47:40 Wed-17-Jul,3,"(249, 232)","(479, 360)"
16:47:41 Wed-17-Jul,1,"(241, 153)","(334, 225)"
16:47:41 Wed-17-Jul,2,"(5, 152)","(144, 236)"
16:47:41 Wed-17-Jul,3,"(249, 233)","(479, 360)"
16:47:41 Wed-17-Jul,1,"(242, 153)","(332, 225)"
16:47:41 Wed-17-Jul,2,"(5, 153)","(144, 236)"
16:47:41 Wed-17-Jul,3,"(250, 233)","(479, 360)"
16:47:41 Wed-17-Jul,1,"(242, 153)","(333, 224)"
16:47:41 Wed-17-Jul,2,"(5, 153)","(145, 236)"
16:47:41 Wed-17-Jul,3,"(250, 233)","(479, 360)"
16:47:41 Wed-17-Jul,1,"(242, 153)","(334, 222)"
16:47:41 Wed-17-Jul,2,"(5, 153)","(144, 236)"
16:47:41 Wed-17-Jul,3,"(250, 234)","(479, 360)"
16:47:42 Wed-17-Jul,1,"(242, 153)","(334, 222)"
16:47:42 Wed-17-Jul,2,"(5, 153)","(144, 236)"
16:47:42 Wed-17-Jul,3,"(250, 234)","(479, 360)"
16:47:42 Wed-17-Jul,1,"(245, 153)","(333, 221)"
16:47:42 Wed-17-Jul,2,"(5, 153)","(144, 236)"
16:47:42 Wed-17-Jul,3,"(250, 233)","(479, 360)"
16:47:42 Wed-17-Jul,1,"(245, 152)","(332, 220)"
16:47:42 Wed-17-Jul,2,"(5, 153)","(144, 236)"
16:47:42 Wed-17-Jul,3,"(250, 233)","(479, 360)"
16:47:42 Wed-17-Jul,1,"(246, 153)","(331, 219)"
16:47:42 Wed-17-Jul,2,"(5, 153)","(144, 236)"
16:47:42 Wed-17-Jul,3,"(250, 233)","(479, 360)"
16:47:42 Wed-17-Jul,1,"(247, 152)","(332, 218)"
16:47:42 Wed-17-Jul,2,"(5, 153)","(145, 236)"
16:47:42 Wed-17-Jul,3,"(250, 234)","(479, 360)"
16:47:43 Wed-17-Jul,1,"(248, 151)","(332, 218)"
16:47:43 Wed-17-Jul,2,"(5, 153)","(144, 236)"
16:47:43 Wed-17-Jul,3,"(249, 235)","(479, 360)"
16:47:43 Wed-17-Jul,1,"(248, 150)","(333, 217)"
16:47:43 Wed-17-Jul,2,"(5, 153)","(144, 236)"
16:47:43 Wed-17-Jul,3,"(248, 234)","(480, 361)"
16:47:43 Wed-17-Jul,1,"(249, 149)","(333, 217)"
16:47:43 Wed-17-Jul,2,"(5, 152)","(144, 236)"
16:47:43 Wed-17-Jul,3,"(248, 234)","(480, 360)"
16:47:43 Wed-17-Jul,1,"(249, 149)","(332, 216)"
16:47:43 Wed-17-Jul,2,"(5, 153)","(144, 236)"
16:47:43 Wed-17-Jul,3,"(247, 234)","(480, 360)"
16:47:43 Wed-17-Jul,1,"(250, 149)","(333, 216)"
16:47:43 Wed-17-Jul,2,"(5, 152)","(144, 236)"
16:47:43 Wed-17-Jul,3,"(247, 234)","(480, 360)"
16:47:44 Wed-17-Jul,1,"(251, 148)","(334, 216)"
16:47:44 Wed-17-Jul,2,"(5, 153)","(144, 236)"
16:47:44 Wed-17-Jul,3,"(248, 234)","(480, 360)"
16:47:44 Wed-17-Jul,1,"(254, 148)","(334, 215)"
16:47:44 Wed-17-Jul,2,"(5, 153)","(144, 236)"
16:47:44 Wed-17-Jul,3,"(248, 234)","(480, 360)"
16:47:44 Wed-17-Jul,1,"(252, 147)","(334, 214)"
16:47:44 Wed-17-Jul,2,"(5, 153)","(144, 236)"
16:47:44 Wed-17-Jul,3,"(248, 234)","(480, 360)"
16:47:44 Wed-17-Jul,1,"(253, 147)","(335, 214)"
16:47:44 Wed-17-Jul,2,"(5, 153)","(144, 236)"
16:47:44 Wed-17-Jul,3,"(249, 234)","(480, 360)"
16:47:44 Wed-17-Jul,1,"(254, 146)","(336, 214)"
16:47:44 Wed-17-Jul,2,"(5, 153)","(144, 236)"
16:47:44 Wed-17-Jul,3,"(248, 234)","(480, 360)"
16:47:45 Wed-17-Jul,1,"(254, 146)","(336, 214)"
16:47:45 Wed-17-Jul,2,"(5, 153)","(144, 236)"
16:47:45 Wed-17-Jul,3,"(248, 234)","(480, 360)"
16:47:45 Wed-17-Jul,1,"(256, 146)","(336, 213)"
16:47:45 Wed-17-Jul,2,"(5, 153)","(144, 236)"
16:47:45 Wed-17-Jul,3,"(247, 233)","(480, 360)"
16:47:45 Wed-17-Jul,1,"(256, 145)","(336, 213)"
16:47:45 Wed-17-Jul,2,"(5, 153)","(144, 236)"
16:47:45 Wed-17-Jul,3,"(247, 233)","(480, 360)"
16:47:45 Wed-17-Jul,1,"(258, 145)","(337, 213)"
16:47:45 Wed-17-Jul,2,"(5, 153)","(144, 236)"
16:47:45 Wed-17-Jul,3,"(248, 233)","(480, 360)"
16:47:45 Wed-17-Jul,1,"(258, 146)","(336, 213)"
16:47:45 Wed-17-Jul,2,"(5, 153)","(144, 236)"
16:47:45 Wed-17-Jul,3,"(247, 234)","(480, 361)"
16:47:46 Wed-17-Jul,1,"(258, 145)","(336, 212)"
16:47:46 Wed-17-Jul,2,"(5, 153)","(144, 236)"
16:47:46 Wed-17-Jul,3,"(247, 233)","(480, 361)"
16:47:46 Wed-17-Jul,1,"(258, 145)","(336, 212)"
16:47:46 Wed-17-Jul,2,"(6, 153)","(144, 236)"
16:47:46 Wed-17-Jul,3,"(247, 233)","(480, 361)"
16:47:46 Wed-17-Jul,1,"(258, 144)","(336, 212)"
16:47:46 Wed-17-Jul,2,"(5, 153)","(145, 236)"
16:47:46 Wed-17-Jul,3,"(247, 233)","(480, 360)"
16:47:46 Wed-17-Jul,1,"(258, 144)","(335, 212)"
16:47:46 Wed-17-Jul,2,"(5, 153)","(144, 236)"
16:47:46 Wed-17-Jul,3,"(247, 233)","(480, 360)"
16:47:46 Wed-17-Jul,1,"(259, 144)","(336, 211)"
16:47:46 Wed-17-Jul,2,"(6, 153)","(144, 236)"
16:47:46 Wed-17-Jul,3,"(247, 233)","(480, 360)"
16:47:47 Wed-17-Jul,1,"(260, 144)","(335, 211)"
16:47:47 Wed-17-Jul,2,"(7, 153)","(144, 236)"
16:47:47 Wed-17-Jul,3,"(247, 233)","(481, 360)"
16:47:47 Wed-17-Jul,1,"(259, 144)","(335, 210)"
16:47:47 Wed-17-Jul,2,"(7, 153)","(143, 237)"
16:47:47 Wed-17-Jul,3,"(247, 233)","(481, 360)"
16:47:47 Wed-17-Jul,1,"(259, 144)","(335, 210)"
16:47:47 Wed-17-Jul,2,"(6, 154)","(143, 238)"
16:47:47 Wed-17-Jul,3,"(247, 233)","(481, 360)"
16:47:47 Wed-17-Jul,4,"(0, 207)","(62, 316)"
16:47:47 Wed-17-Jul,1,"(258, 143)","(336, 210)"
16:47:47 Wed-17-Jul,2,"(5, 154)","(142, 238)"
16:47:47 Wed-17-Jul,3,"(246, 233)","(481, 360)"
16:47:47 Wed-17-Jul,4,"(2, 221)","(83, 316)"
16:47:47 Wed-17-Jul,1,"(258, 143)","(336, 210)"
16:47:47 Wed-17-Jul,2,"(247, 233)","(481, 360)"
16:47:47 Wed-17-Jul,3,"(5, 153)","(142, 237)"
16:47:47 Wed-17-Jul,4,"(0, 208)","(91, 324)"
16:47:48 Wed-17-Jul,1,"(258, 143)","(336, 210)"
16:47:48 Wed-17-Jul,2,"(247, 233)","(481, 360)"
16:47:48 Wed-17-Jul,3,"(5, 153)","(142, 237)"
16:47:48 Wed-17-Jul,4,"(0, 208)","(91, 324)"
16:47:48 Wed-17-Jul,1,"(257, 143)","(336, 209)"
16:47:48 Wed-17-Jul,2,"(247, 233)","(480, 360)"
16:47:48 Wed-17-Jul,3,"(2, 153)","(140, 230)"
16:47:48 Wed-17-Jul,4,"(1, 208)","(112, 337)"
16:47:48 Wed-17-Jul,1,"(257, 143)","(336, 209)"
16:47:48 Wed-17-Jul,2,"(2, 153)","(140, 227)"
16:47:48 Wed-17-Jul,3,"(247, 232)","(480, 360)"
16:47:48 Wed-17-Jul,4,"(1, 208)","(120, 338)"
16:47:48 Wed-17-Jul,1,"(257, 143)","(335, 209)"
16:47:48 Wed-17-Jul,2,"(-1, 151)","(142, 228)"
16:47:48 Wed-17-Jul,3,"(248, 232)","(480, 360)"
16:47:48 Wed-17-Jul,4,"(0, 196)","(142, 348)"
16:47:48 Wed-17-Jul,1,"(-2, 153)","(141, 225)"
16:47:48 Wed-17-Jul,2,"(258, 143)","(335, 209)"
16:47:48 Wed-17-Jul,3,"(248, 233)","(480, 360)"
16:47:48 Wed-17-Jul,4,"(1, 195)","(151, 347)"
16:47:49 Wed-17-Jul,1,"(-4, 152)","(143, 223)"
16:47:49 Wed-17-Jul,2,"(257, 143)","(335, 208)"
16:47:49 Wed-17-Jul,3,"(1, 198)","(158, 345)"
16:47:49 Wed-17-Jul,4,"(249, 232)","(480, 360)"
16:47:49 Wed-17-Jul,1,"(-5, 151)","(143, 222)"
16:47:49 Wed-17-Jul,2,"(258, 143)","(335, 208)"
16:47:49 Wed-17-Jul,3,"(-3, 193)","(171, 347)"
16:47:49 Wed-17-Jul,4,"(249, 232)","(481, 360)"
16:47:49 Wed-17-Jul,1,"(259, 143)","(334, 208)"
16:47:49 Wed-17-Jul,2,"(0, 186)","(188, 351)"
16:47:49 Wed-17-Jul,3,"(-3, 151)","(147, 221)"
16:47:49 Wed-17-Jul,4,"(249, 233)","(481, 360)"
16:47:49 Wed-17-Jul,1,"(259, 143)","(334, 208)"
16:47:49 Wed-17-Jul,2,"(0, 176)","(203, 352)"
16:47:49 Wed-17-Jul,3,"(5, 151)","(145, 217)"
16:47:49 Wed-17-Jul,4,"(250, 232)","(480, 360)"
16:47:49 Wed-17-Jul,1,"(0, 185)","(217, 345)"
16:47:49 Wed-17-Jul,2,"(259, 143)","(334, 208)"
16:47:49 Wed-17-Jul,3,"(252, 233)","(480, 360)"
16:47:49 Wed-17-Jul,4,"(-6, 151)","(145, 222)"
16:47:50 Wed-17-Jul,1,"(0, 191)","(236, 343)"
16:47:50 Wed-17-Jul,2,"(259, 143)","(335, 208)"
16:47:50 Wed-17-Jul,3,"(254, 232)","(481, 360)"
16:47:50 Wed-17-Jul,4,"(-4, 153)","(141, 224)"
16:47:50 Wed-17-Jul,1,"(-1, 189)","(243, 341)"
16:47:50 Wed-17-Jul,2,"(260, 143)","(335, 208)"
16:47:50 Wed-17-Jul,3,"(253, 231)","(481, 360)"
16:47:50 Wed-17-Jul,4,"(-5, 152)","(144, 221)"
16:47:50 Wed-17-Jul,1,"(-1, 189)","(262, 332)"
16:47:50 Wed-17-Jul,2,"(260, 143)","(335, 207)"
16:47:50 Wed-17-Jul,3,"(-2, 151)","(198, 235)"
16:47:50 Wed-17-Jul,4,"(252, 231)","(481, 360)"
16:47:50 Wed-17-Jul,1,"(0, 194)","(269, 330)"
16:47:50 Wed-17-Jul,2,"(258, 143)","(335, 208)"
16:47:50 Wed-17-Jul,3,"(5, 152)","(167, 228)"
16:47:50 Wed-17-Jul,4,"(255, 231)","(480, 360)"
16:47:51 Wed-17-Jul,1,"(0, 194)","(281, 329)"
16:47:51 Wed-17-Jul,2,"(258, 143)","(335, 208)"
16:47:51 Wed-17-Jul,3,"(3, 152)","(164, 230)"
16:47:51 Wed-17-Jul,4,"(250, 230)","(480, 360)"
16:47:51 Wed-17-Jul,1,"(0, 194)","(281, 329)"
16:47:51 Wed-17-Jul,2,"(258, 143)","(335, 208)"
16:47:51 Wed-17-Jul,3,"(3, 152)","(164, 230)"
16:47:51 Wed-17-Jul,4,"(250, 230)","(480, 360)"
16:47:51 Wed-17-Jul,1,"(-1, 193)","(286, 326)"
16:47:51 Wed-17-Jul,2,"(259, 143)","(335, 208)"
16:47:51 Wed-17-Jul,3,"(-11, 153)","(140, 228)"
16:47:51 Wed-17-Jul,4,"(247, 229)","(479, 359)"
16:47:51 Wed-17-Jul,1,"(0, 193)","(291, 324)"
16:47:51 Wed-17-Jul,2,"(260, 143)","(334, 208)"
16:47:51 Wed-17-Jul,3,"(-9, 153)","(141, 223)"
16:47:51 Wed-17-Jul,4,"(247, 229)","(479, 359)"
16:47:51 Wed-17-Jul,1,"(12, 192)","(297, 320)"
16:47:51 Wed-17-Jul,2,"(-8, 152)","(139, 228)"
16:47:51 Wed-17-Jul,3,"(260, 143)","(334, 207)"
16:47:51 Wed-17-Jul,4,"(243, 231)","(480, 360)"
16:47:52 Wed-17-Jul,1,"(31, 192)","(295, 322)"
16:47:52 Wed-17-Jul,2,"(-1, 150)","(137, 228)"
16:47:52 Wed-17-Jul,3,"(260, 143)","(334, 207)"
16:47:52 Wed-17-Jul,4,"(248, 228)","(479, 360)"
16:47:52 Wed-17-Jul,1,"(41, 191)","(293, 321)"
16:47:52 Wed-17-Jul,2,"(260, 144)","(334, 207)"
16:47:52 Wed-17-Jul,3,"(-4, 150)","(141, 229)"
16:47:52 Wed-17-Jul,4,"(245, 227)","(480, 361)"
16:47:52 Wed-17-Jul,1,"(57, 194)","(318, 320)"
16:47:52 Wed-17-Jul,2,"(261, 144)","(334, 206)"
16:47:52 Wed-17-Jul,3,"(3, 152)","(139, 230)"
16:47:52 Wed-17-Jul,4,"(235, 231)","(480, 357)"
16:47:52 Wed-17-Jul,1,"(69, 194)","(332, 316)"
16:47:52 Wed-17-Jul,2,"(1, 150)","(140, 230)"
16:47:52 Wed-17-Jul,3,"(262, 145)","(333, 205)"
16:47:52 Wed-17-Jul,4,"(234, 229)","(479, 358)"
16:47:52 Wed-17-Jul,1,"(87, 195)","(362, 315)"
16:47:52 Wed-17-Jul,2,"(3, 152)","(135, 232)"
16:47:52 Wed-17-Jul,3,"(262, 145)","(334, 203)"
16:47:52 Wed-17-Jul,4,"(236, 233)","(480, 357)"
16:47:53 Wed-17-Jul,1,"(96, 198)","(367, 311)"
16:47:53 Wed-17-Jul,2,"(4, 153)","(137, 236)"
16:47:53 Wed-17-Jul,3,"(262, 144)","(334, 201)"
16:47:53 Wed-17-Jul,4,"(234, 230)","(478, 356)"
16:47:53 Wed-17-Jul,1,"(106, 197)","(369, 311)"
16:47:53 Wed-17-Jul,2,"(4, 153)","(140, 237)"
16:47:53 Wed-17-Jul,3,"(261, 144)","(334, 200)"
16:47:53 Wed-17-Jul,4,"(226, 230)","(476, 357)"
16:47:53 Wed-17-Jul,1,"(123, 195)","(384, 313)"
16:47:53 Wed-17-Jul,2,"(5, 152)","(142, 237)"
16:47:53 Wed-17-Jul,3,"(262, 146)","(331, 191)"
16:47:53 Wed-17-Jul,4,"(231, 220)","(478, 355)"
16:47:53 Wed-17-Jul,1,"(138, 194)","(393, 310)"
16:47:53 Wed-17-Jul,2,"(6, 153)","(144, 236)"
16:47:53 Wed-17-Jul,3,"(262, 145)","(332, 189)"
16:47:53 Wed-17-Jul,4,"(230, 214)","(477, 355)"
16:47:53 Wed-17-Jul,1,"(149, 192)","(422, 314)"
16:47:53 Wed-17-Jul,2,"(5, 153)","(144, 236)"
16:47:53 Wed-17-Jul,3,"(262, 145)","(333, 188)"
16:47:53 Wed-17-Jul,4,"(233, 226)","(478, 359)"
16:47:54 Wed-17-Jul,1,"(160, 186)","(467, 328)"
16:47:54 Wed-17-Jul,2,"(5, 153)","(144, 236)"
16:47:54 Wed-17-Jul,1,"(160, 186)","(467, 328)"
16:47:54 Wed-17-Jul,2,"(5, 153)","(144, 236)"
16:47:54 Wed-17-Jul,1,"(163, 181)","(474, 338)"
16:47:54 Wed-17-Jul,2,"(5, 153)","(144, 236)"
16:47:54 Wed-17-Jul,1,"(179, 179)","(476, 345)"
16:47:54 Wed-17-Jul,2,"(5, 153)","(144, 236)"
16:47:54 Wed-17-Jul,1,"(185, 175)","(476, 350)"
16:47:54 Wed-17-Jul,2,"(5, 152)","(145, 236)"
16:47:55 Wed-17-Jul,1,"(197, 174)","(479, 358)"
16:47:55 Wed-17-Jul,2,"(5, 152)","(144, 236)"
16:47:55 Wed-17-Jul,1,"(208, 180)","(479, 357)"
16:47:55 Wed-17-Jul,2,"(5, 152)","(144, 236)"
16:47:55 Wed-17-Jul,1,"(211, 179)","(480, 358)"
16:47:55 Wed-17-Jul,2,"(5, 152)","(144, 236)"
16:47:55 Wed-17-Jul,3,"(261, 146)","(333, 190)"
16:47:55 Wed-17-Jul,1,"(217, 174)","(482, 360)"
16:47:55 Wed-17-Jul,2,"(5, 152)","(144, 236)"
16:47:55 Wed-17-Jul,3,"(260, 145)","(333, 190)"
16:47:55 Wed-17-Jul,1,"(5, 152)","(145, 236)"
16:47:55 Wed-17-Jul,2,"(223, 166)","(481, 363)"
16:47:55 Wed-17-Jul,3,"(259, 146)","(333, 190)"
16:47:56 Wed-17-Jul,1,"(4, 152)","(144, 236)"
16:47:56 Wed-17-Jul,2,"(233, 154)","(486, 362)"
16:47:56 Wed-17-Jul,3,"(257, 145)","(333, 191)"
16:47:56 Wed-17-Jul,1,"(4, 153)","(145, 236)"
16:47:56 Wed-17-Jul,2,"(238, 160)","(485, 361)"
16:47:56 Wed-17-Jul,3,"(256, 143)","(335, 192)"
16:47:56 Wed-17-Jul,1,"(242, 177)","(480, 361)"
16:47:56 Wed-17-Jul,2,"(5, 153)","(145, 236)"
16:47:56 Wed-17-Jul,3,"(257, 144)","(333, 193)"
16:47:56 Wed-17-Jul,1,"(5, 153)","(145, 235)"
16:47:56 Wed-17-Jul,2,"(247, 167)","(481, 360)"
16:47:56 Wed-17-Jul,3,"(260, 146)","(334, 191)"
16:47:56 Wed-17-Jul,1,"(4, 153)","(145, 236)"
16:47:56 Wed-17-Jul,2,"(263, 170)","(485, 349)"
16:47:56 Wed-17-Jul,3,"(261, 148)","(333, 192)"
16:47:57 Wed-17-Jul,1,"(5, 152)","(145, 236)"
16:47:57 Wed-17-Jul,2,"(264, 181)","(482, 358)"
16:47:57 Wed-17-Jul,3,"(261, 147)","(333, 193)"
16:47:57 Wed-17-Jul,1,"(5, 152)","(145, 236)"
16:47:57 Wed-17-Jul,2,"(264, 181)","(482, 358)"
16:47:57 Wed-17-Jul,3,"(261, 147)","(333, 193)"
16:47:57 Wed-17-Jul,1,"(265, 177)","(482, 357)"
16:47:57 Wed-17-Jul,2,"(5, 152)","(145, 236)"
16:47:57 Wed-17-Jul,3,"(261, 146)","(332, 194)"
16:47:57 Wed-17-Jul,1,"(253, 182)","(480, 358)"
16:47:57 Wed-17-Jul,2,"(5, 152)","(145, 236)"
16:47:57 Wed-17-Jul,3,"(260, 146)","(333, 195)"
16:47:57 Wed-17-Jul,1,"(253, 184)","(480, 357)"
16:47:57 Wed-17-Jul,2,"(5, 152)","(144, 236)"
16:47:57 Wed-17-Jul,3,"(259, 144)","(332, 197)"
16:47:58 Wed-17-Jul,1,"(251, 188)","(481, 358)"
16:47:58 Wed-17-Jul,2,"(5, 152)","(144, 236)"
16:47:58 Wed-17-Jul,3,"(258, 145)","(333, 203)"
16:47:58 Wed-17-Jul,1,"(251, 185)","(481, 358)"
16:47:58 Wed-17-Jul,2,"(5, 152)","(144, 236)"
16:47:58 Wed-17-Jul,3,"(257, 144)","(335, 203)"
16:47:58 Wed-17-Jul,1,"(251, 182)","(480, 358)"
16:47:58 Wed-17-Jul,2,"(5, 153)","(144, 236)"
16:47:58 Wed-17-Jul,3,"(257, 144)","(335, 203)"
16:47:58 Wed-17-Jul,1,"(253, 181)","(479, 356)"
16:47:58 Wed-17-Jul,2,"(5, 152)","(144, 236)"
16:47:58 Wed-17-Jul,3,"(258, 145)","(335, 204)"
16:47:58 Wed-17-Jul,1,"(5, 152)","(145, 236)"
16:47:58 Wed-17-Jul,2,"(257, 185)","(478, 356)"
16:47:58 Wed-17-Jul,3,"(259, 145)","(336, 205)"
16:47:59 Wed-17-Jul,1,"(5, 153)","(145, 236)"
16:47:59 Wed-17-Jul,2,"(259, 145)","(335, 206)"
16:47:59 Wed-17-Jul,3,"(258, 189)","(478, 355)"
16:47:59 Wed-17-Jul,1,"(5, 153)","(145, 236)"
16:47:59 Wed-17-Jul,2,"(260, 145)","(335, 206)"
16:47:59 Wed-17-Jul,3,"(257, 198)","(479, 356)"
16:47:59 Wed-17-Jul,1,"(5, 153)","(145, 236)"
16:47:59 Wed-17-Jul,2,"(260, 144)","(334, 207)"
16:47:59 Wed-17-Jul,3,"(252, 203)","(479, 357)"
16:47:59 Wed-17-Jul,1,"(5, 153)","(145, 236)"
16:47:59 Wed-17-Jul,2,"(260, 145)","(335, 207)"
16:47:59 Wed-17-Jul,3,"(251, 203)","(479, 357)"
16:47:59 Wed-17-Jul,1,"(5, 153)","(145, 236)"
16:47:59 Wed-17-Jul,2,"(260, 144)","(334, 207)"
16:47:59 Wed-17-Jul,3,"(251, 208)","(479, 357)"
16:47:59 Wed-17-Jul,4,"(320, 178)","(479, 317)"
16:48:00 Wed-17-Jul,1,"(5, 152)","(145, 236)"
16:48:00 Wed-17-Jul,2,"(261, 144)","(333, 207)"
16:48:00 Wed-17-Jul,3,"(247, 233)","(477, 360)"
16:48:00 Wed-17-Jul,4,"(323, 178)","(479, 310)"
16:48:00 Wed-17-Jul,1,"(5, 152)","(145, 236)"
16:48:00 Wed-17-Jul,2,"(261, 144)","(333, 207)"
16:48:00 Wed-17-Jul,3,"(247, 233)","(477, 360)"
16:48:00 Wed-17-Jul,4,"(323, 178)","(479, 310)"
16:48:00 Wed-17-Jul,1,"(5, 152)","(145, 236)"
16:48:00 Wed-17-Jul,2,"(260, 144)","(333, 207)"
16:48:00 Wed-17-Jul,3,"(247, 234)","(477, 360)"
16:48:00 Wed-17-Jul,4,"(324, 178)","(479, 308)"
16:48:00 Wed-17-Jul,1,"(5, 153)","(145, 236)"
16:48:00 Wed-17-Jul,2,"(260, 144)","(333, 207)"
16:48:00 Wed-17-Jul,3,"(247, 234)","(477, 360)"
16:48:00 Wed-17-Jul,4,"(326, 179)","(478, 306)"
16:48:00 Wed-17-Jul,1,"(5, 153)","(145, 236)"
16:48:00 Wed-17-Jul,2,"(260, 144)","(333, 207)"
16:48:00 Wed-17-Jul,3,"(248, 234)","(477, 360)"
16:48:00 Wed-17-Jul,4,"(328, 178)","(479, 305)"
16:48:01 Wed-17-Jul,1,"(5, 153)","(145, 235)"
16:48:01 Wed-17-Jul,2,"(260, 144)","(334, 206)"
16:48:01 Wed-17-Jul,3,"(248, 234)","(477, 360)"
16:48:01 Wed-17-Jul,4,"(335, 179)","(479, 300)"
16:48:01 Wed-17-Jul,5,"(343, 171)","(478, 234)"
16:48:01 Wed-17-Jul,1,"(5, 152)","(145, 236)"
16:48:01 Wed-17-Jul,2,"(260, 144)","(333, 207)"
16:48:01 Wed-17-Jul,3,"(248, 234)","(476, 360)"
16:48:01 Wed-17-Jul,4,"(335, 180)","(478, 300)"
16:48:01 Wed-17-Jul,5,"(341, 170)","(479, 236)"
16:48:01 Wed-17-Jul,1,"(5, 152)","(145, 236)"
16:48:01 Wed-17-Jul,2,"(260, 144)","(333, 206)"
16:48:01 Wed-17-Jul,3,"(248, 233)","(476, 360)"
16:48:01 Wed-17-Jul,4,"(333, 181)","(479, 299)"
16:48:01 Wed-17-Jul,5,"(345, 170)","(479, 235)"
16:48:01 Wed-17-Jul,1,"(5, 153)","(145, 236)"
16:48:01 Wed-17-Jul,2,"(260, 144)","(333, 207)"
16:48:01 Wed-17-Jul,3,"(248, 234)","(476, 360)"
16:48:01 Wed-17-Jul,4,"(335, 180)","(479, 298)"
16:48:01 Wed-17-Jul,5,"(346, 170)","(480, 234)"
16:48:01 Wed-17-Jul,1,"(5, 153)","(145, 236)"
16:48:01 Wed-17-Jul,2,"(259, 144)","(333, 206)"
16:48:01 Wed-17-Jul,3,"(247, 234)","(476, 360)"
16:48:01 Wed-17-Jul,4,"(346, 171)","(479, 235)"
16:48:01 Wed-17-Jul,5,"(342, 182)","(479, 297)"
16:48:02 Wed-17-Jul,1,"(5, 152)","(145, 236)"
16:48:02 Wed-17-Jul,2,"(259, 144)","(334, 206)"
16:48:02 Wed-17-Jul,3,"(248, 234)","(476, 360)"
16:48:02 Wed-17-Jul,4,"(346, 171)","(479, 235)"
16:48:02 Wed-17-Jul,5,"(346, 180)","(479, 297)"
16:48:02 Wed-17-Jul,1,"(5, 152)","(145, 236)"
16:48:02 Wed-17-Jul,2,"(259, 144)","(333, 206)"
16:48:02 Wed-17-Jul,3,"(248, 234)","(477, 360)"
16:48:02 Wed-17-Jul,4,"(347, 171)","(478, 234)"
16:48:02 Wed-17-Jul,5,"(346, 180)","(479, 296)"
16:48:02 Wed-17-Jul,1,"(5, 152)","(145, 236)"
16:48:02 Wed-17-Jul,2,"(259, 144)","(333, 207)"
16:48:02 Wed-17-Jul,3,"(249, 234)","(476, 360)"
16:48:02 Wed-17-Jul,4,"(346, 171)","(479, 234)"
16:48:02 Wed-17-Jul,5,"(349, 181)","(480, 294)"
16:48:02 Wed-17-Jul,1,"(5, 152)","(145, 236)"
16:48:02 Wed-17-Jul,2,"(259, 144)","(333, 207)"
16:48:02 Wed-17-Jul,3,"(249, 233)","(477, 360)"
16:48:02 Wed-17-Jul,4,"(345, 171)","(479, 234)"
16:48:02 Wed-17-Jul,1,"(5, 153)","(145, 236)"
16:48:02 Wed-17-Jul,2,"(259, 144)","(333, 207)"
16:48:02 Wed-17-Jul,3,"(249, 233)","(477, 360)"
16:48:02 Wed-17-Jul,4,"(348, 171)","(477, 234)"
16:48:02 Wed-17-Jul,5,"(351, 180)","(480, 295)"
16:48:03 Wed-17-Jul,1,"(5, 153)","(145, 236)"
16:48:03 Wed-17-Jul,2,"(260, 144)","(333, 207)"
16:48:03 Wed-17-Jul,3,"(249, 232)","(477, 360)"
16:48:03 Wed-17-Jul,4,"(350, 170)","(477, 233)"
16:48:03 Wed-17-Jul,5,"(351, 182)","(480, 298)"
16:48:03 Wed-17-Jul,1,"(5, 153)","(145, 236)"
16:48:03 Wed-17-Jul,2,"(260, 144)","(333, 207)"
16:48:03 Wed-17-Jul,3,"(249, 232)","(477, 360)"
16:48:03 Wed-17-Jul,4,"(350, 170)","(477, 233)"
16:48:03 Wed-17-Jul,5,"(351, 182)","(480, 298)"
16:48:03 Wed-17-Jul,1,"(5, 153)","(145, 236)"
16:48:03 Wed-17-Jul,2,"(259, 144)","(333, 207)"
16:48:03 Wed-17-Jul,3,"(249, 233)","(477, 360)"
16:48:03 Wed-17-Jul,4,"(352, 170)","(476, 230)"
16:48:03 Wed-17-Jul,5,"(333, 193)","(480, 337)"
16:48:03 Wed-17-Jul,1,"(5, 153)","(145, 236)"
16:48:03 Wed-17-Jul,2,"(259, 144)","(334, 207)"
16:48:03 Wed-17-Jul,3,"(249, 234)","(476, 360)"
16:48:03 Wed-17-Jul,4,"(351, 170)","(477, 229)"
16:48:03 Wed-17-Jul,1,"(5, 152)","(145, 236)"
16:48:03 Wed-17-Jul,2,"(259, 144)","(333, 207)"
16:48:03 Wed-17-Jul,3,"(250, 234)","(477, 359)"
16:48:03 Wed-17-Jul,4,"(350, 170)","(476, 234)"
16:48:03 Wed-17-Jul,5,"(339, 193)","(479, 337)"
16:48:04 Wed-17-Jul,1,"(5, 152)","(144, 236)"
16:48:04 Wed-17-Jul,2,"(259, 144)","(333, 207)"
16:48:04 Wed-17-Jul,3,"(249, 234)","(476, 360)"
16:48:04 Wed-17-Jul,4,"(351, 170)","(476, 233)"
16:48:04 Wed-17-Jul,1,"(5, 152)","(145, 236)"
16:48:04 Wed-17-Jul,2,"(259, 144)","(333, 207)"
16:48:04 Wed-17-Jul,3,"(250, 235)","(477, 359)"
16:48:04 Wed-17-Jul,4,"(355, 171)","(476, 232)"
16:48:04 Wed-17-Jul,5,"(373, 190)","(489, 278)"
16:48:04 Wed-17-Jul,1,"(5, 152)","(145, 236)"
16:48:04 Wed-17-Jul,2,"(259, 144)","(333, 207)"
16:48:04 Wed-17-Jul,3,"(250, 233)","(476, 360)"
16:48:04 Wed-17-Jul,4,"(353, 171)","(477, 231)"
16:48:04 Wed-17-Jul,5,"(374, 188)","(490, 276)"
16:48:04 Wed-17-Jul,6,"(334, 167)","(431, 220)"
16:48:04 Wed-17-Jul,1,"(5, 153)","(144, 236)"
16:48:04 Wed-17-Jul,2,"(259, 144)","(333, 207)"
16:48:04 Wed-17-Jul,3,"(249, 234)","(476, 360)"
16:48:04 Wed-17-Jul,4,"(355, 171)","(478, 232)"
16:48:04 Wed-17-Jul,5,"(375, 190)","(491, 275)"
16:48:04 Wed-17-Jul,6,"(335, 164)","(434, 222)"
16:48:04 Wed-17-Jul,1,"(5, 152)","(144, 236)"
16:48:04 Wed-17-Jul,2,"(259, 144)","(333, 207)"
16:48:04 Wed-17-Jul,3,"(249, 234)","(476, 360)"
16:48:04 Wed-17-Jul,4,"(359, 172)","(479, 230)"
16:48:04 Wed-17-Jul,5,"(336, 165)","(433, 222)"
16:48:04 Wed-17-Jul,6,"(377, 190)","(491, 272)"
16:48:05 Wed-17-Jul,1,"(5, 153)","(144, 236)"
16:48:05 Wed-17-Jul,2,"(259, 144)","(333, 207)"
16:48:05 Wed-17-Jul,3,"(249, 234)","(477, 359)"
16:48:05 Wed-17-Jul,4,"(353, 172)","(478, 231)"
16:48:05 Wed-17-Jul,5,"(333, 168)","(432, 220)"
16:48:05 Wed-17-Jul,6,"(378, 189)","(491, 272)"
16:48:05 Wed-17-Jul,1,"(5, 153)","(145, 236)"
16:48:05 Wed-17-Jul,2,"(259, 144)","(333, 207)"
16:48:05 Wed-17-Jul,3,"(251, 234)","(476, 360)"
16:48:05 Wed-17-Jul,4,"(353, 172)","(481, 233)"
16:48:05 Wed-17-Jul,5,"(377, 188)","(491, 271)"
16:48:05 Wed-17-Jul,1,"(5, 152)","(145, 236)"
16:48:05 Wed-17-Jul,2,"(259, 144)","(333, 207)"
16:48:05 Wed-17-Jul,3,"(249, 233)","(476, 360)"
16:48:05 Wed-17-Jul,4,"(356, 172)","(479, 233)"
16:48:05 Wed-17-Jul,5,"(379, 191)","(490, 268)"
16:48:05 Wed-17-Jul,1,"(5, 153)","(145, 236)"
16:48:05 Wed-17-Jul,2,"(259, 144)","(333, 207)"
16:48:05 Wed-17-Jul,3,"(251, 230)","(479, 357)"
16:48:05 Wed-17-Jul,4,"(352, 172)","(479, 233)"
16:48:05 Wed-17-Jul,5,"(379, 191)","(489, 269)"
16:48:05 Wed-17-Jul,1,"(5, 152)","(145, 236)"
16:48:05 Wed-17-Jul,2,"(259, 144)","(333, 207)"
16:48:05 Wed-17-Jul,3,"(251, 230)","(480, 358)"
16:48:05 Wed-17-Jul,4,"(354, 173)","(480, 234)"
16:48:06 Wed-17-Jul,1,"(5, 152)","(144, 236)"
16:48:06 Wed-17-Jul,2,"(259, 144)","(333, 208)"
16:48:06 Wed-17-Jul,3,"(250, 232)","(480, 358)"
16:48:06 Wed-17-Jul,4,"(355, 173)","(480, 232)"
16:48:06 Wed-17-Jul,1,"(5, 152)","(144, 236)"
16:48:06 Wed-17-Jul,2,"(259, 144)","(333, 208)"
16:48:06 Wed-17-Jul,3,"(250, 232)","(480, 358)"
16:48:06 Wed-17-Jul,4,"(355, 173)","(480, 232)"
16:48:06 Wed-17-Jul,1,"(5, 152)","(144, 236)"
16:48:06 Wed-17-Jul,2,"(260, 144)","(334, 208)"
16:48:06 Wed-17-Jul,3,"(248, 231)","(481, 359)"
16:48:06 Wed-17-Jul,4,"(349, 172)","(479, 232)"
16:48:06 Wed-17-Jul,1,"(5, 152)","(144, 236)"
16:48:06 Wed-17-Jul,2,"(260, 144)","(334, 208)"
16:48:06 Wed-17-Jul,3,"(248, 231)","(481, 359)"
16:48:06 Wed-17-Jul,4,"(342, 171)","(481, 234)"
16:48:07 Wed-17-Jul,1,"(5, 152)","(145, 236)"
16:48:07 Wed-17-Jul,2,"(260, 144)","(334, 208)"
16:48:07 Wed-17-Jul,3,"(248, 234)","(477, 360)"
16:48:07 Wed-17-Jul,4,"(344, 171)","(480, 234)"
16:48:07 Wed-17-Jul,1,"(5, 152)","(145, 236)"
16:48:07 Wed-17-Jul,2,"(259, 144)","(334, 208)"
16:48:07 Wed-17-Jul,3,"(250, 231)","(480, 358)"
16:48:07 Wed-17-Jul,4,"(344, 170)","(477, 231)"
16:48:07 Wed-17-Jul,1,"(5, 152)","(145, 236)"
16:48:07 Wed-17-Jul,2,"(259, 144)","(334, 208)"
16:48:07 Wed-17-Jul,3,"(249, 232)","(480, 358)"
16:48:07 Wed-17-Jul,4,"(343, 171)","(475, 229)"
16:48:07 Wed-17-Jul,5,"(385, 186)","(480, 247)"
16:48:07 Wed-17-Jul,1,"(5, 152)","(144, 236)"
16:48:07 Wed-17-Jul,2,"(260, 144)","(334, 208)"
16:48:07 Wed-17-Jul,3,"(249, 232)","(480, 358)"
16:48:07 Wed-17-Jul,4,"(347, 172)","(475, 229)"
16:48:07 Wed-17-Jul,5,"(388, 185)","(480, 247)"
16:48:07 Wed-17-Jul,1,"(5, 152)","(145, 236)"
16:48:07 Wed-17-Jul,2,"(259, 144)","(333, 208)"
16:48:07 Wed-17-Jul,3,"(249, 232)","(480, 358)"
16:48:07 Wed-17-Jul,4,"(346, 172)","(476, 229)"
16:48:07 Wed-17-Jul,5,"(388, 184)","(480, 247)"
16:48:08 Wed-17-Jul,1,"(5, 153)","(144, 236)"
16:48:08 Wed-17-Jul,2,"(259, 144)","(333, 208)"
16:48:08 Wed-17-Jul,3,"(248, 231)","(480, 358)"
16:48:08 Wed-17-Jul,4,"(345, 171)","(476, 229)"
16:48:08 Wed-17-Jul,5,"(388, 183)","(480, 248)"
16:48:08 Wed-17-Jul,1,"(5, 153)","(144, 236)"
16:48:08 Wed-17-Jul,2,"(259, 144)","(334, 208)"
16:48:08 Wed-17-Jul,3,"(249, 231)","(480, 358)"
16:48:08 Wed-17-Jul,4,"(344, 171)","(476, 230)"
16:48:08 Wed-17-Jul,5,"(388, 182)","(480, 248)"
16:48:08 Wed-17-Jul,1,"(5, 152)","(144, 236)"
16:48:08 Wed-17-Jul,2,"(259, 144)","(334, 208)"
16:48:08 Wed-17-Jul,3,"(248, 231)","(480, 358)"
16:48:08 Wed-17-Jul,4,"(346, 171)","(476, 229)"
16:48:08 Wed-17-Jul,5,"(388, 182)","(480, 248)"
16:48:08 Wed-17-Jul,1,"(5, 152)","(144, 236)"
16:48:08 Wed-17-Jul,2,"(259, 144)","(334, 208)"
16:48:08 Wed-17-Jul,3,"(248, 231)","(480, 358)"
16:48:08 Wed-17-Jul,4,"(345, 171)","(476, 229)"
16:48:08 Wed-17-Jul,5,"(387, 182)","(480, 248)"
16:48:08 Wed-17-Jul,1,"(5, 152)","(144, 236)"
16:48:08 Wed-17-Jul,2,"(259, 144)","(333, 208)"
16:48:08 Wed-17-Jul,3,"(248, 231)","(480, 358)"
16:48:08 Wed-17-Jul,4,"(344, 171)","(477, 229)"
16:48:08 Wed-17-Jul,5,"(387, 182)","(480, 248)"
16:48:09 Wed-17-Jul,1,"(5, 152)","(144, 236)"
16:48:09 Wed-17-Jul,2,"(259, 144)","(333, 208)"
16:48:09 Wed-17-Jul,3,"(248, 231)","(480, 358)"
16:48:09 Wed-17-Jul,4,"(345, 171)","(476, 231)"
16:48:09 Wed-17-Jul,5,"(388, 181)","(481, 248)"
16:48:09 Wed-17-Jul,1,"(5, 152)","(144, 236)"
16:48:09 Wed-17-Jul,2,"(259, 144)","(333, 208)"
16:48:09 Wed-17-Jul,3,"(248, 232)","(480, 358)"
16:48:09 Wed-17-Jul,4,"(388, 182)","(480, 248)"
16:48:09 Wed-17-Jul,5,"(330, 170)","(462, 227)"
16:48:09 Wed-17-Jul,1,"(5, 152)","(144, 236)"
16:48:09 Wed-17-Jul,2,"(259, 144)","(333, 208)"
16:48:09 Wed-17-Jul,3,"(248, 232)","(480, 358)"
16:48:09 Wed-17-Jul,4,"(388, 182)","(480, 248)"
16:48:09 Wed-17-Jul,5,"(330, 170)","(462, 227)"
16:48:09 Wed-17-Jul,1,"(5, 153)","(144, 236)"
16:48:09 Wed-17-Jul,2,"(259, 144)","(334, 208)"
16:48:09 Wed-17-Jul,3,"(249, 232)","(480, 358)"
16:48:09 Wed-17-Jul,4,"(388, 181)","(480, 248)"
16:48:09 Wed-17-Jul,5,"(329, 170)","(462, 227)"
16:48:09 Wed-17-Jul,1,"(5, 153)","(144, 236)"
16:48:09 Wed-17-Jul,2,"(259, 144)","(334, 208)"
16:48:09 Wed-17-Jul,3,"(248, 232)","(480, 358)"
16:48:09 Wed-17-Jul,4,"(388, 181)","(480, 248)"
16:48:09 Wed-17-Jul,5,"(328, 170)","(459, 226)"
16:48:10 Wed-17-Jul,1,"(5, 152)","(144, 236)"
16:48:10 Wed-17-Jul,2,"(259, 144)","(334, 208)"
16:48:10 Wed-17-Jul,3,"(248, 232)","(480, 358)"
16:48:10 Wed-17-Jul,4,"(387, 181)","(480, 249)"
16:48:10 Wed-17-Jul,5,"(328, 170)","(461, 226)"
16:48:10 Wed-17-Jul,1,"(5, 153)","(144, 236)"
16:48:10 Wed-17-Jul,2,"(259, 144)","(333, 208)"
16:48:10 Wed-17-Jul,3,"(249, 231)","(480, 358)"
16:48:10 Wed-17-Jul,4,"(343, 170)","(477, 230)"
16:48:10 Wed-17-Jul,1,"(5, 152)","(144, 236)"
16:48:10 Wed-17-Jul,2,"(258, 144)","(333, 208)"
16:48:10 Wed-17-Jul,3,"(247, 235)","(477, 360)"
16:48:10 Wed-17-Jul,4,"(342, 170)","(476, 230)"
16:48:10 Wed-17-Jul,5,"(388, 181)","(480, 249)"
16:48:10 Wed-17-Jul,1,"(5, 152)","(144, 236)"
16:48:10 Wed-17-Jul,2,"(258, 143)","(333, 208)"
16:48:10 Wed-17-Jul,3,"(249, 231)","(480, 358)"
16:48:10 Wed-17-Jul,4,"(339, 170)","(476, 229)"
16:48:10 Wed-17-Jul,5,"(388, 180)","(480, 250)"
16:48:10 Wed-17-Jul,1,"(5, 152)","(144, 236)"
16:48:10 Wed-17-Jul,2,"(258, 144)","(333, 208)"
16:48:10 Wed-17-Jul,3,"(248, 230)","(480, 358)"
16:48:10 Wed-17-Jul,4,"(339, 170)","(476, 229)"
16:48:10 Wed-17-Jul,5,"(389, 179)","(480, 250)"
16:48:11 Wed-17-Jul,1,"(5, 152)","(144, 236)"
16:48:11 Wed-17-Jul,2,"(258, 143)","(333, 208)"
16:48:11 Wed-17-Jul,3,"(249, 230)","(480, 358)"
16:48:11 Wed-17-Jul,4,"(339, 169)","(476, 228)"
16:48:11 Wed-17-Jul,5,"(390, 179)","(480, 250)"
16:48:11 Wed-17-Jul,1,"(5, 152)","(144, 236)"
16:48:11 Wed-17-Jul,2,"(258, 144)","(333, 208)"
16:48:11 Wed-17-Jul,3,"(249, 230)","(480, 358)"
16:48:11 Wed-17-Jul,4,"(337, 169)","(477, 229)"
16:48:11 Wed-17-Jul,5,"(389, 178)","(480, 249)"
16:48:11 Wed-17-Jul,1,"(5, 152)","(144, 236)"
16:48:11 Wed-17-Jul,2,"(259, 144)","(333, 208)"
16:48:11 Wed-17-Jul,3,"(248, 230)","(480, 358)"
16:48:11 Wed-17-Jul,4,"(336, 170)","(476, 228)"
16:48:11 Wed-17-Jul,5,"(389, 178)","(480, 248)"
16:48:11 Wed-17-Jul,1,"(5, 153)","(144, 236)"
16:48:11 Wed-17-Jul,2,"(259, 144)","(333, 208)"
16:48:11 Wed-17-Jul,3,"(249, 230)","(480, 358)"
16:48:11 Wed-17-Jul,4,"(340, 170)","(477, 228)"
16:48:11 Wed-17-Jul,5,"(389, 179)","(480, 248)"
16:48:11 Wed-17-Jul,1,"(5, 153)","(144, 236)"
16:48:11 Wed-17-Jul,2,"(259, 144)","(333, 208)"
16:48:11 Wed-17-Jul,3,"(249, 230)","(480, 358)"
16:48:11 Wed-17-Jul,4,"(339, 170)","(477, 227)"
16:48:11 Wed-17-Jul,5,"(389, 179)","(480, 247)"
16:48:12 Wed-17-Jul,1,"(5, 152)","(144, 236)"
16:48:12 Wed-17-Jul,2,"(259, 144)","(333, 208)"
16:48:12 Wed-17-Jul,3,"(248, 230)","(480, 358)"
16:48:12 Wed-17-Jul,4,"(341, 170)","(477, 227)"
16:48:12 Wed-17-Jul,5,"(390, 179)","(480, 247)"
16:48:12 Wed-17-Jul,1,"(5, 152)","(144, 236)"
16:48:12 Wed-17-Jul,2,"(259, 144)","(333, 208)"
16:48:12 Wed-17-Jul,3,"(249, 231)","(480, 358)"
16:48:12 Wed-17-Jul,4,"(341, 170)","(477, 228)"
16:48:12 Wed-17-Jul,5,"(390, 179)","(480, 248)"
16:48:12 Wed-17-Jul,1,"(5, 152)","(144, 236)"
16:48:12 Wed-17-Jul,2,"(259, 144)","(333, 208)"
16:48:12 Wed-17-Jul,3,"(249, 231)","(480, 358)"
16:48:12 Wed-17-Jul,4,"(341, 170)","(477, 228)"
16:48:12 Wed-17-Jul,5,"(390, 179)","(480, 248)"
16:48:12 Wed-17-Jul,1,"(5, 152)","(144, 236)"
16:48:12 Wed-17-Jul,2,"(259, 144)","(333, 208)"
16:48:12 Wed-17-Jul,3,"(249, 230)","(480, 358)"
16:48:12 Wed-17-Jul,4,"(341, 170)","(477, 228)"
16:48:12 Wed-17-Jul,5,"(390, 179)","(480, 248)"
16:48:12 Wed-17-Jul,1,"(5, 152)","(144, 236)"
16:48:12 Wed-17-Jul,2,"(259, 144)","(333, 208)"
16:48:12 Wed-17-Jul,3,"(249, 230)","(480, 358)"
16:48:12 Wed-17-Jul,4,"(342, 170)","(477, 227)"
16:48:12 Wed-17-Jul,5,"(389, 178)","(480, 248)"
16:48:13 Wed-17-Jul,1,"(5, 152)","(144, 236)"
16:48:13 Wed-17-Jul,2,"(259, 144)","(333, 208)"
16:48:13 Wed-17-Jul,3,"(249, 230)","(480, 358)"
16:48:13 Wed-17-Jul,4,"(342, 170)","(477, 228)"
16:48:13 Wed-17-Jul,5,"(389, 178)","(480, 248)"
